{
    "blends": [
        {
            "blend_power": 1.94999921321869,
            "gamma": 2.04999589920044,
            "luminance": 0.0749999657273293
        },
        {
            "blend_power": 1.99999868869781,
            "gamma": 2.02499389648438,
            "luminance": 3.39001431370889e-08
        }
    ],
    "threshold": 0.0
}